"","pat","n","rho","true","fmi","jmi","emi"
"1",1,256,0.1,0.0168083053994924,0.0340754958859475,0.035765570735989,-0.00566698575962342
"2",1,256,0.1,0.0168083053994924,0.00938278849798457,0.00360023961272466,-0.0239200561375422
"3",1,256,0.1,0.0168083053994924,0.0562204163824384,0.151233865946829,0.044218177365685
"4",1,256,0.1,0.0168083053994924,0.0157878953571887,0.00300728785162493,-0.0302568231822549
"5",1,256,0.1,0.0168083053994924,0.0474312328828607,0.0588995677599144,0.00885527748602781
"6",1,256,0.1,0.0168083053994924,0.0155439706673518,0.00233323475416149,0.00450871375497132
"7",1,256,0.1,0.0168083053994924,0.0143856783156463,0.144176786325624,-0.00184671839285821
"8",1,256,0.1,0.0168083053994924,0.0416027963342529,0.0811257043424741,0.0179187879677174
"9",1,256,0.1,0.0168083053994924,0.059146079440068,0.058260469742302,0.0218872945248002
"10",1,256,0.1,0.0168083053994924,0.00550255083841333,0.00211711551056572,-0.0131289105616282
"11",1,256,0.1,0.0168083053994924,0.0220636010928658,0.00448775005767971,-0.0160277226118292
"12",1,256,0.1,0.0168083053994924,0.0240704836811735,0.0234525851616462,-0.0182306923613335
"13",1,256,0.1,0.0168083053994924,0.130717285374838,0.0877429008929709,0.0310456743172752
"14",1,256,0.1,0.0168083053994924,0.00582922759762017,0.0752537821620553,-0.0146320407262052
"15",1,256,0.1,0.0168083053994924,0.078695539291505,0.205590775557668,0.0342901258428387
"16",1,256,0.1,0.0168083053994924,0.0500109595378849,0.0449120410146525,0.0412773838362519
"17",1,256,0.1,0.0168083053994924,0.088820158910209,0.152766909776005,0.0671829160895937
"18",1,256,0.1,0.0168083053994924,0.0132392004892977,0.107981547782958,-0.0109633960047186
"19",1,256,0.1,0.0168083053994924,0.0345206040560888,0.0853520887963284,0.0315637926803566
"20",1,256,0.1,0.0168083053994924,0.0701180337180491,0.00202365612301303,0.017078583958349
"21",1,256,0.1,0.0168083053994924,0.0316052914875067,0.284397689132981,0.0143610490722581
"22",1,256,0.1,0.0168083053994924,0.0298195746873589,0.0213098029208949,0.0297766813679619
"23",1,256,0.1,0.0168083053994924,0.0991457307464163,0.144450791882426,0.0428062027949155
"24",1,256,0.1,0.0168083053994924,0.0785984789404631,0.0475293501609688,0.0455441232134335
"25",1,256,0.1,0.0168083053994924,0.0701737997610068,0.0368579772685085,0.00591871177857003
"26",1,256,0.1,0.0168083053994924,0.00195640259651964,0.277581807235846,-0.000918986326699371
"27",1,256,0.1,0.0168083053994924,0.0138850368287085,0.138013082945428,-0.00208723743797954
"28",1,256,0.1,0.0168083053994924,0.0674502010050108,0.00222105679301433,0.0248673201606755
"29",1,256,0.1,0.0168083053994924,0.0816844709942772,0.161534168622843,0.0501379054672983
"30",1,256,0.1,0.0168083053994924,0.0221381279244365,0.0188084852405905,0.00657221062112273
"31",1,256,0.1,0.0168083053994924,0.048778654675563,0.200754370008406,0.0113033477129514
"32",1,256,0.1,0.0168083053994924,0.0653586134018769,0.0830499790951125,0.0229220151985987
"33",1,256,0.1,0.0168083053994924,0.0434629996362573,0.0826125756493455,0.0201452467119642
"34",1,256,0.1,0.0168083053994924,0.0932338726751022,0.107678156594655,0.033357944101438
"35",1,256,0.1,0.0168083053994924,0.042139819010515,0.101447229013577,0.0277537905564909
"36",1,256,0.1,0.0168083053994924,0.035069543714121,0.00519449859768454,0.0131783365744492
"37",1,256,0.1,0.0168083053994924,0.0677990617234352,0.0427744457346722,0.0170165903398442
"38",1,256,0.1,0.0168083053994924,0.0892114002510215,0.201718943720085,0.033020360724702
"39",1,256,0.1,0.0168083053994924,0.0241736565930482,0.102958878926327,0.00255717291188106
"40",1,256,0.1,0.0168083053994924,0.0264156092854206,0.00218144414829111,0.0118567979761758
"41",1,256,0.1,0.0168083053994924,0.0460297249997688,0.00474139607539773,-0.0028684451725506
"42",1,256,0.1,0.0168083053994924,0.092407183478775,0.10683580335505,0.0412413227457937
"43",1,256,0.1,0.0168083053994924,0.117493827622859,0.0378672604213783,0.0452617707423439
"44",1,256,0.1,0.0168083053994924,0.0637121627568465,0.00212678092779528,-0.00625477913943396
"45",1,256,0.1,0.0168083053994924,0.0602516941083738,0.028747176557189,0.011581323076991
"46",1,256,0.1,0.0168083053994924,0.0308328665806072,0.00193137857319239,0.000273133646392732
"47",1,256,0.1,0.0168083053994924,0.0574151306949028,0.0291985874337316,-0.014604216827041
"48",1,256,0.1,0.0168083053994924,0.0944079665160227,0.0133082588663766,0.0557043641721019
"49",1,256,0.1,0.0168083053994924,0.0610410512130199,0.20246897519664,0.0465024933132815
"50",1,256,0.1,0.0168083053994924,0.0405156410081287,0.026912956177012,0.019783632754869
"51",1,256,0.1,0.0168083053994924,0.068796975814889,0.0137119250861647,0.0061491430184871
"52",1,256,0.1,0.0168083053994924,0.000581936696430252,0.00217816483507715,0.0125951210229121
"53",1,256,0.1,0.0168083053994924,0.0472556805408949,0.0211688183341843,0.0109119433262363
"54",1,256,0.1,0.0168083053994924,0.0230850893209773,0.151139540181822,-0.00969881919014841
"55",1,256,0.1,0.0168083053994924,0.0370468701020763,0.10461675019685,0.00455859744044541
"56",1,256,0.1,0.0168083053994924,0.0835634808611104,0.16028086797833,0.0291461178163452
"57",1,256,0.1,0.0168083053994924,0.0566488137643936,0.0808749849459901,0.0165089285645927
"58",1,256,0.1,0.0168083053994924,0.0581537317134886,0.0395797280864111,0.0242922421794933
"59",1,256,0.1,0.0168083053994924,0.0307438206985284,0.0225956536537539,0.0283796377123511
"60",1,256,0.1,0.0168083053994924,0.0417901933260536,0.00228775755584498,0.0169291793287612
"61",1,256,0.1,0.0168083053994924,0.0533305660851441,0.0625077432078289,0.058473989367529
"62",1,256,0.1,0.0168083053994924,0.0883186199126618,0.064931592537451,0.0251287923831347
"63",1,256,0.1,0.0168083053994924,0.048836751466271,0.140131286751677,0.0284751344144149
"64",1,256,0.1,0.0168083053994924,0.0399252522285896,0.534944388786038,0.017574359986691
"65",1,256,0.1,0.0168083053994924,0.194953635798338,0.212226119634208,0.069366541130104
"66",1,256,0.1,0.0168083053994924,0.0532321686018102,0.111425213440993,0.0326134587643005
"67",1,256,0.1,0.0168083053994924,0.0689290169920429,0.147596933457114,0.0157844836143968
"68",1,256,0.1,0.0168083053994924,0.0675362128716588,0.147229677576757,0.047900705666596
"69",1,256,0.1,0.0168083053994924,0.0435327375043981,0.105710842341456,0.010619066533084
"70",1,256,0.1,0.0168083053994924,0.0896699684299477,0.210441046109349,0.06668560786315
"71",1,256,0.1,0.0168083053994924,0.0785805832938263,0.0356570720193214,0.0121721848800964
"72",1,256,0.1,0.0168083053994924,0.0424164706510504,0.20914331696216,0.0364049643479993
"73",1,256,0.1,0.0168083053994924,0.0633934337626686,0.014367914663181,0.00507889235522718
"74",1,256,0.1,0.0168083053994924,0.0480000473232297,0.0472471188809721,0.00352892753641859
"75",1,256,0.1,0.0168083053994924,0.00139942793280057,0.00608358916766826,-0.0148045940479891
"76",1,256,0.1,0.0168083053994924,0.168675708864589,0.0231086406861497,0.018195069572086
"77",1,256,0.1,0.0168083053994924,0.0775751050059789,0.00227853879013481,0.00496440431892676
"78",1,256,0.1,0.0168083053994924,0.0621627119692593,0.043523542842136,0.0244448604158874
"79",1,256,0.1,0.0168083053994924,0.0595389892133564,0.0611701458272977,0.0174404964717959
"80",1,256,0.1,0.0168083053994924,0.0766629448252261,0.267616837097233,0.014828183162766
"81",1,256,0.1,0.0168083053994924,0.0537286607865587,0.139415340964522,0.00420325065181744
"82",1,256,0.1,0.0168083053994924,0.0966013588345425,0.406689348425545,0.0185076630117212
"83",1,256,0.1,0.0168083053994924,0.0674584031600227,0.0852648254060805,0.0474686655869583
"84",1,256,0.1,0.0168083053994924,0.0919432830929039,0.0779149193278694,0.013466184598572
"85",1,256,0.1,0.0168083053994924,0.0884163222119606,0.0104292229501885,-0.00847126557137082
"86",1,256,0.1,0.0168083053994924,0.0481805744891128,0.148374172597988,0.0302628902677442
"87",1,256,0.1,0.0168083053994924,0.0331859444109413,0.0441979288901837,0.00400398115155733
"88",1,256,0.1,0.0168083053994924,0.0498847419835289,0.0431182753718999,-0.00726213188142802
"89",1,256,0.1,0.0168083053994924,0.0504422452395016,0.105061189929626,0.0194062406010761
"90",1,256,0.1,0.0168083053994924,0.0506582526313761,0.0107948551726332,0.0336562813304269
"91",1,256,0.1,0.0168083053994924,0.0557728280128209,0.144413068245949,0.0338918050488149
"92",1,256,0.1,0.0168083053994924,0.0970436501177139,0.0583679170553637,0.0604454364802918
"93",1,256,0.1,0.0168083053994924,0.108389187715076,0.062223717609086,0.0217872609804613
"94",1,256,0.1,0.0168083053994924,0.0130915472728128,0.0144213808661464,-0.0135221191368459
"95",1,256,0.1,0.0168083053994924,0.106492733810362,0.0042581630572455,0.0300732612171492
"96",1,256,0.1,0.0168083053994924,0.0166545634251871,0.00229995542621378,-0.00089572322652731
"97",1,256,0.1,0.0168083053994924,0.0564884624530078,0.0493759434284254,0.00272898565935104
"98",1,256,0.1,0.0168083053994924,0.0336659169673494,0.0289150650339734,-0.0124252585370955
"99",1,256,0.1,0.0168083053994924,0.0804166452023265,0.111362929590937,0.0279962545397805
"100",1,256,0.1,0.0168083053994924,0.0596003076312105,0.0429195881694012,0.0183015414531067
"101",1,256,0.1,0.0168083053994924,0.0492236239660554,0.00219004504249859,0.0179838890425943
"102",1,256,0.1,0.0168083053994924,0.0665017083452731,0.00221180849544821,0.0117453671996243
"103",1,256,0.1,0.0168083053994924,0.0391826840450918,0.0586044938919733,0.00174452513286888
"104",1,256,0.1,0.0168083053994924,0.0443782634637903,0.276572613328235,0.0248404334089373
"105",1,256,0.1,0.0168083053994924,0.102142379715486,0.113163103553525,0.018846381229497
"106",1,256,0.1,0.0168083053994924,0.0538856137282778,0.274110995011129,-0.0205844102504602
"107",1,256,0.1,0.0168083053994924,0.101587906775325,0.0645440124886157,0.0531320248758471
"108",1,256,0.1,0.0168083053994924,0.0399796758465776,0.0154981293395446,-0.0125612896216207
"109",1,256,0.1,0.0168083053994924,0.107778865921424,0.111264738315295,0.00444660351343159
"110",1,256,0.1,0.0168083053994924,0.0737597050743125,0.0283326618579479,0.0256455773663651
"111",1,256,0.1,0.0168083053994924,0.164992882487149,0.117623112719159,0.0388800275808668
"112",1,256,0.1,0.0168083053994924,0.0438882213452617,0.0299371447635703,0.01591009534602
"113",1,256,0.1,0.0168083053994924,0.0585783448280569,0.0354317050077347,0.0502762713255273
"114",1,256,0.1,0.0168083053994924,0.070752357761498,0.00201734866147832,0.0136223300762977
"115",1,256,0.1,0.0168083053994924,0.0725198955137247,0.0575784311735509,0.0434742270026242
"116",1,256,0.1,0.0168083053994924,0.0397093593926765,0.03714236014153,0.0419590678125102
"117",1,256,0.1,0.0168083053994924,0.0471198315507572,0.0382302695267726,-0.00686460326713072
"118",1,256,0.1,0.0168083053994924,0.0210580070473685,0.0455750361950293,0.0118800465182389
"119",1,256,0.1,0.0168083053994924,0.0533872329689664,0.0587944531094201,0.0260521278492704
"120",1,256,0.1,0.0168083053994924,0.056016694563704,0.059782894226226,0.00744740036886669
"121",1,256,0.1,0.0168083053994924,0.0328913857550557,0.206586454550638,0.0295071893043541
"122",1,256,0.1,0.0168083053994924,0.0299710647918739,0.034400153860558,-0.0173347522542637
"123",1,256,0.1,0.0168083053994924,0.0272450311085892,0.00970129253256918,0.0266077341019392
"124",1,256,0.1,0.0168083053994924,0.0394213266960884,0.00312971648242262,-0.0224767775498745
"125",1,256,0.1,0.0168083053994924,0.0648939997441944,0.112614804083136,0.0356837972398951
"126",1,256,0.1,0.0168083053994924,0.0213898644651999,0.0440771716777083,-0.0223279302114658
"127",1,256,0.1,0.0168083053994924,0.0613433102468985,0.0789986366180297,0.0505981454470415
"128",1,256,0.1,0.0168083053994924,0.125731977680289,0.155298684959407,0.0286547571117755
"129",1,256,0.1,0.0168083053994924,0.108957639066357,0.293729359617511,0.0792420936306905
"130",1,256,0.1,0.0168083053994924,0.0837322602436392,0.0176865616965906,0.0356797317527013
"131",1,256,0.1,0.0168083053994924,0.0661653088288647,0.0023746267261268,-0.0192465465755823
"132",1,256,0.1,0.0168083053994924,0.120222003546999,0.145177223951674,0.041717725173816
"133",1,256,0.1,0.0168083053994924,0.0618727421880358,0.145684581975563,0.0129986965391613
"134",1,256,0.1,0.0168083053994924,0.0432600479272583,0.198571596253251,0.0148428782585334
"135",1,256,0.1,0.0168083053994924,0.0864955640284778,0.00493799162287178,-0.00394568937868645
"136",1,256,0.1,0.0168083053994924,0.0351147108347882,0.0447953940805478,0.0196300527545201
"137",1,256,0.1,0.0168083053994924,0.0259794858363062,0.0215392191261814,-0.0241180007594066
"138",1,256,0.1,0.0168083053994924,0.0871597126415221,0.0287455547478958,0.0491762021201899
"139",1,256,0.1,0.0168083053994924,0.0705036092207619,0.0189703890249231,0.0331541375613708
"140",1,256,0.1,0.0168083053994924,0.0326850336071475,0.0493324543441801,0.0461150946405384
"141",1,256,0.1,0.0168083053994924,0.150666081869844,0.0603713754804674,0.026050816459217
"142",1,256,0.1,0.0168083053994924,0.0784098289098094,0.00239567917882131,0.0209918532865506
"143",1,256,0.1,0.0168083053994924,0.00745051548507769,0.00385544403080139,-0.000859585363046041
"144",1,256,0.1,0.0168083053994924,0.119460507826006,0.0261515268917721,-0.00502393115943026
"145",1,256,0.1,0.0168083053994924,0.0591918997493973,0.0795033960731189,0.0455855912043904
"146",1,256,0.1,0.0168083053994924,0.100945305975334,0.00215964037413304,0.0276915096919196
"147",1,256,0.1,0.0168083053994924,0.0704442303470325,0.00234111349924322,-0.0145908547905906
"148",1,256,0.1,0.0168083053994924,0.0339301815185276,0.0860408364336078,0.0267203953380903
"149",1,256,0.1,0.0168083053994924,0.108522901729215,0.212098313902374,0.0810888188250662
"150",1,256,0.1,0.0168083053994924,0.0954451646563798,0.0476677653291006,0.0539238998315529
"151",1,256,0.1,0.0168083053994924,0.0522740319919793,0.28757285013388,0.00689651912867628
"152",1,256,0.1,0.0168083053994924,0.0820714306031937,0.0864767710762826,0.0118208844036932
"153",1,256,0.1,0.0168083053994924,0.10178843049264,0.149805581971632,0.0505097866160746
"154",1,256,0.1,0.0168083053994924,0.130009111941235,0.0616981520330161,0.0193054477334624
"155",1,256,0.1,0.0168083053994924,0.0458740941792923,0.00269697715016477,0.00974931310073111
"156",1,256,0.1,0.0168083053994924,0.0136011505745302,0.00814371409969311,-0.0137530021880446
"157",1,256,0.1,0.0168083053994924,0.09510279634598,0.204530755864185,0.0508554016548333
"158",1,256,0.1,0.0168083053994924,0.0895923640334179,0.0269288328916055,0.00952481610520952
"159",1,256,0.1,0.0168083053994924,0.0511244759631903,0.0736205266050547,0.0439089416432485
"160",1,256,0.1,0.0168083053994924,0.0540847480850807,0.0476876519055024,0.0213814835910491
"161",1,256,0.1,0.0168083053994924,0.0270300304277195,0.0078287644030191,-0.00276028511312937
"162",1,256,0.1,0.0168083053994924,0.0336642773631735,0.137900383870211,-0.0127530367126019
"163",1,256,0.1,0.0168083053994924,0.0741185956400799,0.0328224605849737,0.0215541331480335
"164",1,256,0.1,0.0168083053994924,0.0066849546763168,0.0597490854958703,0.0160735704519264
"165",1,256,0.1,0.0168083053994924,0.109658075489734,0.0221292971139955,0.00673827705225584
"166",1,256,0.1,0.0168083053994924,0.0938722800817617,0.107851467861831,0.0298197990646412
"167",1,256,0.1,0.0168083053994924,0.0641482695700618,0.105628679457846,0.0474688115611686
"168",1,256,0.1,0.0168083053994924,0.0861426624529843,0.112085705997184,0.0423528588028019
"169",1,256,0.1,0.0168083053994924,0.096907376452197,0.046730032543894,0.00496312876337112
"170",1,256,0.1,0.0168083053994924,0.0263154536474874,0.270053635380516,0.00338300367444169
"171",1,256,0.1,0.0168083053994924,0.0626765926048602,0.00198729733597766,0.0272177902866331
"172",1,256,0.1,0.0168083053994924,0.0602341380860161,0.0793212079487032,0.0252490386508818
"173",1,256,0.1,0.0168083053994924,0.0599934703115725,0.112685101435346,0.0126597777173955
"174",1,256,0.1,0.0168083053994924,0.0715693866008043,0.0481321711890509,0.0469688116614794
"175",1,256,0.1,0.0168083053994924,0.0406352560027675,0.0131479077265509,-0.000553841516659497
"176",1,256,0.1,0.0168083053994924,0.020841826939709,0.0155848399620017,0.016160413043502
"177",1,256,0.1,0.0168083053994924,0.0398709291688707,0.148841702329773,0.0120343068105915
"178",1,256,0.1,0.0168083053994924,0.0494396592860074,0.00600500287415835,-0.0190093162852919
"179",1,256,0.1,0.0168083053994924,0.0467316900713066,0.0239195404077076,0.00980263471582952
"180",1,256,0.1,0.0168083053994924,0.106991838965223,0.10332609437504,0.0370719640118719
"181",1,256,0.1,0.0168083053994924,0.0475301628440932,0.0117745919362222,0.0188980090622354
"182",1,256,0.1,0.0168083053994924,0.0532776388063338,0.211996782738422,0.0290608831275443
"183",1,256,0.1,0.0168083053994924,0.0753769350176956,0.0462145434333445,0.0120587730028451
"184",1,256,0.1,0.0168083053994924,0.0772928685894415,0.301877241145459,0.0910169533090799
"185",1,256,0.1,0.0168083053994924,0.0439228082740117,0.0110635847112992,0.0380355966127033
"186",1,256,0.1,0.0168083053994924,0.0698808528019624,0.00305539648979209,-0.0133985431955755
"187",1,256,0.1,0.0168083053994924,0.0411825473463675,0.0425758545756948,0.0227999036178583
"188",1,256,0.1,0.0168083053994924,0.0743754850510395,0.395081863937651,0.0332005448586969
"189",1,256,0.1,0.0168083053994924,0.0520459875366435,0.0279504368769355,-0.00137506582401482
"190",1,256,0.1,0.0168083053994924,0.16462748288051,0.109842953757235,0.0730122598832828
"191",1,256,0.1,0.0168083053994924,0.0890868690677109,0.0111781459777742,0.0365161776796071
"192",1,256,0.1,0.0168083053994924,0.0196762612627963,0.00192676617940623,-0.0158441858810957
"193",1,256,0.1,0.0168083053994924,0.00865130424825244,0.00891325436134085,0.0104885722728473
"194",1,256,0.1,0.0168083053994924,0.0822739428337128,0.15208520999556,0.0626884646889775
"195",1,256,0.1,0.0168083053994924,0.105070702493342,0.0805663491318755,0.0328838192875478
"196",1,256,0.1,0.0168083053994924,0.0935488632852489,0.0130310010458609,0.0532271405622694
"197",1,256,0.1,0.0168083053994924,0.0440612038017143,0.00235030641812981,-0.0279940984679442
"198",1,256,0.1,0.0168083053994924,0.018347424466681,0.104411407531014,0.000260677527541849
"199",1,256,0.1,0.0168083053994924,0.112192759533702,0.0581092185103767,0.00903316585922453
"200",1,256,0.1,0.0168083053994924,0.0329643361226487,0.00669238896817012,0.00654268358921271
"201",1,256,0.1,0.0168083053994924,0.041290551284978,0.0364191265484875,0.0122193079254522
"202",1,256,0.1,0.0168083053994924,0.0486794368288843,0.063991732667513,0.037697468126358
"203",1,256,0.1,0.0168083053994924,0.0616103237728053,0.106208145761832,0.061574141684709
"204",1,256,0.1,0.0168083053994924,0.0382527577947773,0.0130562627800219,0.0117120952237721
"205",1,256,0.1,0.0168083053994924,0.0720889161471742,0.00306333096396065,0.00604023053899921
"206",1,256,0.1,0.0168083053994924,0.0107243532537826,0.0424070186318658,-0.0152806147938379
"207",1,256,0.1,0.0168083053994924,0.0570685413042991,0.0351396513139623,0.021203591317765
"208",1,256,0.1,0.0168083053994924,0.143249075980605,0.0226133792499583,0.0222171924780145
"209",1,256,0.1,0.0168083053994924,0.0331359417997992,0.0193459410637921,-0.0208856825407401
"210",1,256,0.1,0.0168083053994924,0.0406753838599153,0.108984107957323,0.0249340499906304
"211",1,256,0.1,0.0168083053994924,0.0921575449342905,0.0217031658693454,-0.0154618033414126
"212",1,256,0.1,0.0168083053994924,0.0834464733628972,0.0765503344320962,0.0292683631085737
"213",1,256,0.1,0.0168083053994924,0.0673942830865898,0.019096265273835,0.0439092722340836
"214",1,256,0.1,0.0168083053994924,0.0378862620544943,0.0278544280584146,0.0225764362637648
"215",1,256,0.1,0.0168083053994924,0.0386840839998803,0.04603326597307,0.0325096496112482
"216",1,256,0.1,0.0168083053994924,0.032087795693974,0.0606732460204633,-0.0258312557713995
"217",1,256,0.1,0.0168083053994924,0.0190987922879238,0.00262906496378299,-0.0111748535529164
"218",1,256,0.1,0.0168083053994924,0.0353574775611036,0.0351497927577628,-0.010110977607202
"219",1,256,0.1,0.0168083053994924,0.0400227710762231,0.00848198473534995,0.0260618298807051
"220",1,256,0.1,0.0168083053994924,0.115810356271487,0.112125740095702,0.051544218515773
"221",1,256,0.1,0.0168083053994924,0.0296170725336548,0.0464154994344573,0.0164839133802485
"222",1,256,0.1,0.0168083053994924,0.12212653136557,0.1486548159414,0.0636406989051405
"223",1,256,0.1,0.0168083053994924,0.156854683633587,0.0364211271850463,0.0312353914033316
"224",1,256,0.1,0.0168083053994924,0.018685712027548,0.00594919835367082,0.0159579427396518
"225",1,256,0.1,0.0168083053994924,0.104073611893622,0.202388841964045,0.0859637730922772
"226",1,256,0.1,0.0168083053994924,0.113627445977396,0.0023735505002507,0.00568756399336724
"227",1,256,0.1,0.0168083053994924,0.138249528105393,0.106614621399018,0.0492428891111626
"228",1,256,0.1,0.0168083053994924,0.0625520990980178,0.0571177307120272,0.00701546625750007
"229",1,256,0.1,0.0168083053994924,0.037579877375595,0.0363828948838982,-0.01007326958841
"230",1,256,0.1,0.0168083053994924,0.0948714903760998,0.0601925215766048,0.0254365548531743
"231",1,256,0.1,0.0168083053994924,0.0272405433651827,0.149207210380867,0.0427832910689458
"232",1,256,0.1,0.0168083053994924,0.0245916057976044,0.00208998385944309,0.018959149090779
"233",1,256,0.1,0.0168083053994924,0.0528375487450047,0.0790425318260979,0.0117140389387319
"234",1,256,0.1,0.0168083053994924,0.0637848132613192,0.00862506564987613,-0.00215772094727507
"235",1,256,0.1,0.0168083053994924,0.0297237705719195,0.00234542133899156,-0.0154080986025529
"236",1,256,0.1,0.0168083053994924,0.0356023541460668,0.0448179895952791,0.0338822286873926
"237",1,256,0.1,0.0168083053994924,0.0678832539481715,0.0644725420387249,0.0346915308101811
"238",1,256,0.1,0.0168083053994924,0.119211901698044,0.0472407995716897,0.0345237432944649
"239",1,256,0.1,0.0168083053994924,0.125510815539832,0.148189597411359,0.0582401811413704
"240",1,256,0.1,0.0168083053994924,0.0575706075718194,0.0330673278842969,-0.0288827194143226
"241",1,256,0.1,0.0168083053994924,0.169180023232778,0.0229486778154557,0.0714968510855027
"242",1,256,0.1,0.0168083053994924,0.107467520243983,0.0211125737010365,0.0520182912404142
"243",1,256,0.1,0.0168083053994924,0.057805606447386,0.148295444259517,0.00402819836772401
"244",1,256,0.1,0.0168083053994924,0.0484224654009049,0.148522108777238,-0.0157242532032268
"245",1,256,0.1,0.0168083053994924,0.0178946810442714,0.00237829844789328,0.00534659752904799
"246",1,256,0.1,0.0168083053994924,0.125698529940806,0.115802060589613,0.0474585822207315
"247",1,256,0.1,0.0168083053994924,0.0610817386722786,0.148374833825355,0.0215355787717113
"248",1,256,0.1,0.0168083053994924,0.0179449393619167,0.207712800968252,0.0115560281425613
"249",1,256,0.1,0.0168083053994924,0.0656909374544624,0.0763716495953829,-0.00353327256422995
"250",1,256,0.1,0.0168083053994924,0.0727617839033381,0.102241558347706,0.0260697080990258
"251",1,256,0.1,0.0168083053994924,0.0686569563730214,0.284074056651527,0.0174293420853555
"252",1,256,0.1,0.0168083053994924,0.053063525085856,0.141670292597978,0.0115145068348453
"253",1,256,0.1,0.0168083053994924,0.0672989053583961,0.0441189669927471,0.0197022460873875
"254",1,256,0.1,0.0168083053994924,0.0325527635333058,0.0760846228310552,0.0215314605973548
"255",1,256,0.1,0.0168083053994924,0.0182983108975521,0.00284150289141169,-0.0331527598701474
"256",1,256,0.1,0.0168083053994924,0.10968021985855,0.062784089868037,0.0583623341441726
"257",1,256,0.1,0.0168083053994924,0.0765600590929739,0.0155158652532899,0.0226229473744951
"258",1,256,0.1,0.0168083053994924,0.0707551342287801,0.0450791091604592,0.0324989526204568
"259",1,256,0.1,0.0168083053994924,0.0619072066748607,0.0838397355238817,0.0371901287311911
"260",1,256,0.1,0.0168083053994924,0.0691163763864809,0.046630212324309,0.0100618023115241
"261",1,256,0.1,0.0168083053994924,0.0517923855717363,0.392492702586438,0.0358304836603764
"262",1,256,0.1,0.0168083053994924,0.0325840691162004,0.0597600669824349,-0.0115200532365605
"263",1,256,0.1,0.0168083053994924,0.0678864350455541,0.0360883452717383,0.020751830043847
"264",1,256,0.1,0.0168083053994924,0.0118736752529112,0.0462246600266467,-0.00461869676654544
"265",1,256,0.1,0.0168083053994924,0.0812261784442536,0.0154710178486885,0.00991900390329366
"266",1,256,0.1,0.0168083053994924,0.0288519990774257,0.0817171443855424,-0.0164311966404345
"267",1,256,0.1,0.0168083053994924,0.0390454415039077,0.153681165642507,0.0288395709718767
"268",1,256,0.1,0.0168083053994924,0.0169124905880219,0.202039375813863,0.0290022284849577
"269",1,256,0.1,0.0168083053994924,0.0595092840880815,0.397829903665487,0.0234325561800787
"270",1,256,0.1,0.0168083053994924,0.114159430884396,0.103642396377726,0.027551786449318
"271",1,256,0.1,0.0168083053994924,0.0178018704879567,0.0426872853793264,0.0122358693791421
"272",1,256,0.1,0.0168083053994924,0.0524783872338088,0.0352058239109682,0.0375115526830963
"273",1,256,0.1,0.0168083053994924,0.0237085911849563,0.010460552784008,-0.00876031122854454
"274",1,256,0.1,0.0168083053994924,0.0326233124451862,0.0583601187918197,0.00574790044228655
"275",1,256,0.1,0.0168083053994924,0.068453334294681,0.148473234421847,0.0478766477589742
"276",1,256,0.1,0.0168083053994924,0.0428240675684308,0.208382897298693,0.0503436421048608
"277",1,256,0.1,0.0168083053994924,0.0560200011766012,0.146918932018113,0.0229405617966204
"278",1,256,0.1,0.0168083053994924,0.0729953957721549,0.111063371605438,0.0402226631905144
"279",1,256,0.1,0.0168083053994924,0.0284603651087488,0.0147417620702023,0.00968215368192819
"280",1,256,0.1,0.0168083053994924,0.0122494570890717,0.00237681736686731,-0.0174833086151138
"281",1,256,0.1,0.0168083053994924,0.0544736988877623,0.0122387061515841,0.0161016442303196
"282",1,256,0.1,0.0168083053994924,0.124865442464601,0.151416911246433,0.0237069695492611
"283",1,256,0.1,0.0168083053994924,0.0724835640017383,0.104370495618626,0.0167384904112936
"284",1,256,0.1,0.0168083053994924,0.0526524376241011,0.00229031870814321,0.019059672557533
"285",1,256,0.1,0.0168083053994924,0.0212872751716207,0.0817866845896244,-0.0108048500133086
"286",1,256,0.1,0.0168083053994924,0.0173001477589692,0.0128326431928791,0.00992054888787634
"287",1,256,0.1,0.0168083053994924,0.0120535563616369,0.0755683186242316,-0.0143942664862516
"288",1,256,0.1,0.0168083053994924,0.0449273287780132,0.00496266771784561,0.00453046189729426
"289",1,256,0.1,0.0168083053994924,0.102131208483955,0.287856063017781,0.0751288942311672
"290",1,256,0.1,0.0168083053994924,0.0751334070676453,0.0664396304084227,0.0285736663116
"291",1,256,0.1,0.0168083053994924,0.13374672303799,0.110793751284151,0.041060109920904
"292",1,256,0.1,0.0168083053994924,0.0849099950950021,0.109615121944418,0.020933779762886
"293",1,256,0.1,0.0168083053994924,0.0446863016051553,0.00503069917234964,-0.0179380963636172
"294",1,256,0.1,0.0168083053994924,0.0642626059647221,0.0842896084150584,0.0679276613972026
"295",1,256,0.1,0.0168083053994924,0.0151144793936241,0.00224695717426645,-0.00671306694437283
"296",1,256,0.1,0.0168083053994924,0.070566785038658,0.108911438213803,-0.000634842503647336
"297",1,256,0.1,0.0168083053994924,0.0385144715077069,0.0439727871675617,0.010061821264878
"298",1,256,0.1,0.0168083053994924,0.101949701929699,0.0282384915429868,0.0282067797626953
"299",1,256,0.1,0.0168083053994924,0.0183639082815354,0.0582688551895164,0.027742395396637
"300",1,256,0.1,0.0168083053994924,0.00109482470565359,0.0081279201953629,-0.0101942734147562
"301",1,256,0.1,0.0168083053994924,0.0295548907655434,0.0180018275784342,-0.0179454375331558
"302",1,256,0.1,0.0168083053994924,0.0889479953300663,0.140406798840962,0.0420573926392151
"303",1,256,0.1,0.0168083053994924,0.0780452715459032,0.16461848405393,0.0758263923603611
"304",1,256,0.1,0.0168083053994924,0.0667564051667485,0.153986885015305,0.0421914501997436
"305",1,256,0.1,0.0168083053994924,0.0117178148228387,0.0352441628555876,-0.0215256709481885
"306",1,256,0.1,0.0168083053994924,0.00743723720766121,0.00235044486093165,-0.0421731009804061
"307",1,256,0.1,0.0168083053994924,0.0681928481898801,0.0289670430142556,0.00420746792491345
"308",1,256,0.1,0.0168083053994924,0.159858136487406,0.164920127666366,0.106098877417404
"309",1,256,0.1,0.0168083053994924,0.108746511062357,0.00199237238338252,0.0185471028738817
"310",1,256,0.1,0.0168083053994924,0.0657241823195078,0.204927576718197,0.0453745123957417
"311",1,256,0.1,0.0168083053994924,0.0667253769476051,0.00235741902061423,-0.0385888616515639
"312",1,256,0.1,0.0168083053994924,0.114889839830177,0.149170963499637,0.0191773529425717
"313",1,256,0.1,0.0168083053994924,0.0561328350993169,0.0494561073072336,-0.0004215534758272
"314",1,256,0.1,0.0168083053994924,0.0783593668228845,0.0287533633898967,0.0196057109989463
"315",1,256,0.1,0.0168083053994924,0.0927243937053003,0.117292478980479,0.0789366737021474
"316",1,256,0.1,0.0168083053994924,0.0467194082989413,0.00666252688829852,-0.0323771928030595
"317",1,256,0.1,0.0168083053994924,0.103541756550741,0.082289482857015,0.0306873543005347
"318",1,256,0.1,0.0168083053994924,0.0594894742704867,0.0102063733991196,0.0283312847567631
"319",1,256,0.1,0.0168083053994924,0.00489705259129025,0.0639629745074196,-0.00519046688010761
"320",1,256,0.1,0.0168083053994924,0.043251799932381,0.106469701764969,0.00588647245130805
"321",1,256,0.1,0.0168083053994924,0.0610794564918222,0.152037367474098,0.0341158667074868
"322",1,256,0.1,0.0168083053994924,0.123982337686004,0.104115063833751,0.0477833797328412
"323",1,256,0.1,0.0168083053994924,0.100321850741239,0.00338095253936221,0.0273625205240577
"324",1,256,0.1,0.0168083053994924,0.0925047599196119,0.0438212337978032,0.0104127077336242
"325",1,256,0.1,0.0168083053994924,0.0773726255438392,0.386032310397212,0.0176936513421578
"326",1,256,0.1,0.0168083053994924,0.110291966392495,0.207535839536478,0.0887998342819456
"327",1,256,0.1,0.0168083053994924,0.14567025274192,0.0619606590514447,0.0458283308460619
"328",1,256,0.1,0.0168083053994924,0.0303346398501226,0.0333136393944595,0.0143747592398701
"329",1,256,0.1,0.0168083053994924,0.0643715571720546,0.00575168649658804,0.0207591429234095
"330",1,256,0.1,0.0168083053994924,0.0523536797012318,0.398088605961725,0.0224726893088098
"331",1,256,0.1,0.0168083053994924,0.121147367358189,0.285507395461338,-0.0019466336404104
"332",1,256,0.1,0.0168083053994924,0.0426967769627969,0.0587695798275865,0.0174503162295096
"333",1,256,0.1,0.0168083053994924,0.107641420994388,0.0510097192675317,0.0463714371834707
"334",1,256,0.1,0.0168083053994924,0.0383667238347094,0.0461956378611572,0.0326097035754963
"335",1,256,0.1,0.0168083053994924,0.057454730417476,0.145417922055442,0.031791141035761
"336",1,256,0.1,0.0168083053994924,0.0773475694357134,0.0622221289172531,0.0241651920576585
"337",1,256,0.1,0.0168083053994924,0.146871772139783,0.00222412483990558,0.0220355704144796
"338",1,256,0.1,0.0168083053994924,0.0542257329389377,0.152870518398796,0.0387751112326348
"339",1,256,0.1,0.0168083053994924,0.047259809374261,0.282645177068606,0.0409192826026776
"340",1,256,0.1,0.0168083053994924,0.0112942379624611,0.0023484130821948,-0.0192627173332745
"341",1,256,0.1,0.0168083053994924,0.0293964705360471,0.00772168079206285,-0.0253684668526491
"342",1,256,0.1,0.0168083053994924,0.0504486489319901,0.0127837978859865,0.0210130474800754
"343",1,256,0.1,0.0168083053994924,0.0863057994272466,0.0127373714037043,0.0391553318788906
"344",1,256,0.1,0.0168083053994924,0.0554635300578626,0.081537726857359,0.00214455267466014
"345",1,256,0.1,0.0168083053994924,0.0392185756163657,0.0482077412021624,0.0346753378245685
"346",1,256,0.1,0.0168083053994924,0.139065490464281,0.102372316293395,0.064127379167184
"347",1,256,0.1,0.0168083053994924,0.0682147091793744,0.0235753000751182,0.0037327737720725
"348",1,256,0.1,0.0168083053994924,0.0413437595337188,0.0236937290164335,-0.00149768289141948
"349",1,256,0.1,0.0168083053994924,0.0927607433604598,0.046449052505447,0.0555470862141559
"350",1,256,0.1,0.0168083053994924,0.107664876221509,0.0451153180233594,0.0710746182479901
"351",1,256,0.1,0.0168083053994924,0.00212087468746192,0.00217836628483072,-0.0354820370921221
"352",1,256,0.1,0.0168083053994924,0.0678606473868093,0.14848386570382,0.0597553666036851
"353",1,256,0.1,0.0168083053994924,0.00978733309521351,0.00225595388689438,-0.0204904617103904
"354",1,256,0.1,0.0168083053994924,0.0650497813355213,0.00230490247346123,0.0226714001552359
"355",1,256,0.1,0.0168083053994924,0.110181444417153,0.14978535533912,0.052557143617842
"356",1,256,0.1,0.0168083053994924,0.101052366850657,0.0829286818895549,0.0363155533866125
"357",1,256,0.1,0.0168083053994924,0.0534145692175579,0.150485233277049,0.0122697455996923
"358",1,256,0.1,0.0168083053994924,0.0402777585172625,0.082134662810965,0.0307532968408453
"359",1,256,0.1,0.0168083053994924,0.0584879287981578,0.0108908866573843,0.0477402620061626
"360",1,256,0.1,0.0168083053994924,0.0987776287316839,0.286274592984812,0.0560331748008464
"361",1,256,0.1,0.0168083053994924,0.0195353298974048,0.149060681531545,0.0157286131884937
"362",1,256,0.1,0.0168083053994924,0.0812330256501682,0.204323960923566,0.0232121120182364
"363",1,256,0.1,0.0168083053994924,0.0594908045827985,0.0442157540063942,0.0210584450191085
"364",1,256,0.1,0.0168083053994924,0.0690898983909791,0.110506569846582,0.0659814614424787
"365",1,256,0.1,0.0168083053994924,0.0750665542594076,0.203029650465076,0.0645037761592955
"366",1,256,0.1,0.0168083053994924,0.0693410696538803,0.105205132659586,0.0438509316114501
"367",1,256,0.1,0.0168083053994924,0.0394372678658118,0.0610375069652822,-0.00771478708063901
"368",1,256,0.1,0.0168083053994924,0.0967101087368806,0.113979701241303,0.0261630464181258
"369",1,256,0.1,0.0168083053994924,0.00100767530111279,0.00302435623688256,0.00956779639212344
"370",1,256,0.1,0.0168083053994924,0.00894333645144996,0.00438353576067084,-0.0203891288213172
"371",1,256,0.1,0.0168083053994924,0.0312180062988142,0.144302493274898,0.0206466451091162
"372",1,256,0.1,0.0168083053994924,0.12379530470663,0.0588784644710092,0.0254255252562654
"373",1,256,0.1,0.0168083053994924,0.0361738855149117,0.00206226105607337,-0.0169214878613533
"374",1,256,0.1,0.0168083053994924,0.0984095044796498,0.208663094327857,0.0531197743484217
"375",1,256,0.1,0.0168083053994924,0.00211434897735552,0.105874890146055,-0.0409657372685917
"376",1,256,0.1,0.0168083053994924,0.056680335455298,0.06047337981936,0.0416102579733565
"377",1,256,0.1,0.0168083053994924,0.0432294946676635,0.0263254210954439,-0.00269040829238954
"378",1,256,0.1,0.0168083053994924,0.0583758856292887,0.148274250190739,0.00576393147149475
"379",1,256,0.1,0.0168083053994924,0.035142703997333,0.106237135602052,0.0266365387259078
"380",1,256,0.1,0.0168083053994924,0.0350578060334024,0.0345181770273202,0.0365377258243796
"381",1,256,0.1,0.0168083053994924,0.0509400411760665,0.0459440488395579,0.0210659514071064
"382",1,256,0.1,0.0168083053994924,0.0316977493410814,0.00237968564097137,0.016683711768785
"383",1,256,0.1,0.0168083053994924,0.0889593509109523,0.0611951314618428,0.0192900748011799
"384",1,256,0.1,0.0168083053994924,0.0714450840931036,0.414104162465542,0.0389567340523818
"385",1,256,0.1,0.0168083053994924,0.0547799516334546,0.0589260876460258,-0.0232400952134057
"386",1,256,0.1,0.0168083053994924,0.0521519146820043,0.028224308213422,0.0349818073092076
"387",1,256,0.1,0.0168083053994924,0.0450226075423853,0.105497514652385,0.0406463499501131
"388",1,256,0.1,0.0168083053994924,0.00192780642876844,0.0323538209581036,-0.0109858552965169
"389",1,256,0.1,0.0168083053994924,0.00901989284023086,0.108438534256722,0.00378188034930583
"390",1,256,0.1,0.0168083053994924,0.00956898055988042,0.0049181024123121,-0.0134765973563775
"391",1,256,0.1,0.0168083053994924,0.0494790642650583,0.00232680688652944,0.0141023487699614
"392",1,256,0.1,0.0168083053994924,0.0701300338077676,0.113816044195031,0.0117409987660659
"393",1,256,0.1,0.0168083053994924,0.0288863940983062,0.00220329880358233,-0.0273272921675411
"394",1,256,0.1,0.0168083053994924,0.0660109591805025,0.0773594449714884,0.00319476573342217
"395",1,256,0.1,0.0168083053994924,0.111340031186158,0.00565127112340092,0.00362816374549654
"396",1,256,0.1,0.0168083053994924,0.0648052330417841,0.0487645588368873,0.0424992850861793
"397",1,256,0.1,0.0168083053994924,0.0373563692587274,0.0123172355287135,-0.0176778979866409
"398",1,256,0.1,0.0168083053994924,0.06944519247203,0.275896396472594,0.0118116522819128
"399",1,256,0.1,0.0168083053994924,0.0402273817344798,0.0126630072709475,-0.00818990436370708
"400",1,256,0.1,0.0168083053994924,0.0900321586004377,0.0114974437456814,0.00284874044471048
"401",1,256,0.1,0.0168083053994924,0.0742362675716158,0.15064431602827,-0.00181161722232894
"402",1,256,0.1,0.0168083053994924,0.131380777420859,0.086909041306088,0.0888053252076138
"403",1,256,0.1,0.0168083053994924,0.0486978714546018,0.0284768869770575,0.0270285895883432
"404",1,256,0.1,0.0168083053994924,0.0280742871531064,0.0587962287695413,0.0220581257321581
"405",1,256,0.1,0.0168083053994924,0.061245328745257,0.1449075269141,-0.00705519936158245
"406",1,256,0.1,0.0168083053994924,0.0422530802347678,0.103230459985917,0.0100585189675047
"407",1,256,0.1,0.0168083053994924,0.0327142988583522,0.00229922404363059,0.00647234684464839
"408",1,256,0.1,0.0168083053994924,0.0553721105405798,0.00230112274855504,-0.00415637124496439
"409",1,256,0.1,0.0168083053994924,0.0743917917532964,0.148016976691983,-0.00104265262323135
"410",1,256,0.1,0.0168083053994924,0.0767252534409009,0.140719151076048,0.0919694440999002
"411",1,256,0.1,0.0168083053994924,0.0318946760926502,0.110247837337012,-0.000313615584416167
"412",1,256,0.1,0.0168083053994924,0.0429783869591049,0.00639733368979107,0.00619483264438243
"413",1,256,0.1,0.0168083053994924,0.0278306733152545,0.00241950535392273,-1.12103659667841e-05
"414",1,256,0.1,0.0168083053994924,0.145331794985395,0.0592869480142633,0.0321116943030227
"415",1,256,0.1,0.0168083053994924,0.0537231344642286,0.0737446560234878,0.0210206180205205
"416",1,256,0.1,0.0168083053994924,0.0514412757520433,0.00231662579812456,0.0080200978071623
"417",1,256,0.1,0.0168083053994924,0.102250035401346,0.0328484563016701,0.0409216438127709
"418",1,256,0.1,0.0168083053994924,0.0498814238371443,0.00236962666717671,0.0243070594649194
"419",1,256,0.1,0.0168083053994924,0.0804398842494496,0.113851398729882,0.0464817012923822
"420",1,256,0.1,0.0168083053994924,0.0743064756043933,0.0574452053437363,0.0124888569583458
"421",1,256,0.1,0.0168083053994924,0.0495948106240155,0.021749251795664,0.0300466305786385
"422",1,256,0.1,0.0168083053994924,0.0385808762155685,0.00226429350850675,0.0187980097854989
"423",1,256,0.1,0.0168083053994924,0.0661915902957046,0.00221289053046988,0.0372119429830352
"424",1,256,0.1,0.0168083053994924,0.0421888047536393,0.142557096704408,0.0244035385697444
"425",1,256,0.1,0.0168083053994924,0.107688140693026,0.397348816250478,0.0224694395295612
"426",1,256,0.1,0.0168083053994924,0.14874550282424,0.0765035020964746,0.0496232947823573
"427",1,256,0.1,0.0168083053994924,0.0379508875889771,0.0751000183173275,0.000698749740569939
"428",1,256,0.1,0.0168083053994924,0.0878675807388002,0.0213375686930351,0.0357970813126989
"429",1,256,0.1,0.0168083053994924,0.0775733006297864,0.077893665076248,0.0186572636505808
"430",1,256,0.1,0.0168083053994924,0.0830537457950329,0.04497068022224,0.00887679516181928
"431",1,256,0.1,0.0168083053994924,0.0583557538825721,0.0363905665456979,0.0332259519166863
"432",1,256,0.1,0.0168083053994924,0.0986930489976495,0.389147918577972,0.0388360184228966
"433",1,256,0.1,0.0168083053994924,0.0361070113837566,0.277072756275212,0.0305460500897491
"434",1,256,0.1,0.0168083053994924,0.0291888911897307,0.0235678785857011,0.0201370832642819
"435",1,256,0.1,0.0168083053994924,0.0673900704454075,0.14305322671808,0.039832748589765
"436",1,256,0.1,0.0168083053994924,0.0280792054590674,0.0057605125556524,0.0103451796775864
"437",1,256,0.1,0.0168083053994924,0.0459876885465624,0.146151146178553,-0.0131169512698135
"438",1,256,0.1,0.0168083053994924,0.0751729478221937,0.0210138597563959,0.00670810015825929
"439",1,256,0.1,0.0168083053994924,0.0808436388782034,0.0570291128977745,-0.0113399507507223
"440",1,256,0.1,0.0168083053994924,0.010715945051225,0.0204478830865227,0.00400420625555581
"441",1,256,0.1,0.0168083053994924,0.0608988099171606,0.112120654611116,0.0212888376370366
"442",1,256,0.1,0.0168083053994924,0.0482181347125085,0.00213436282793906,0.00677875342114691
"443",1,256,0.1,0.0168083053994924,0.100634623815123,0.00291144041890655,-8.10272694005625e-05
"444",1,256,0.1,0.0168083053994924,0.0431640604900445,0.00440408669301344,0.0035905960712852
"445",1,256,0.1,0.0168083053994924,0.0194961196646875,0.012829639046031,0.0200995565712156
"446",1,256,0.1,0.0168083053994924,0.0468846848764989,0.0105850154348394,-0.016513347183963
"447",1,256,0.1,0.0168083053994924,0.0327737666969196,0.0251899978781921,0.00562299263674962
"448",1,256,0.1,0.0168083053994924,0.00980369059066233,0.0776244545182732,0.000989165786110241
"449",1,256,0.1,0.0168083053994924,0.123636925498943,0.148924040939547,0.0454940931703888
"450",1,256,0.1,0.0168083053994924,0.0413714806131308,0.293594270348091,0.0555917050860093
"451",1,256,0.1,0.0168083053994924,0.0265490689615203,0.00658583734576149,0.0119703484500725
"452",1,256,0.1,0.0168083053994924,0.075069080883243,0.106043447369923,0.0205606513921111
"453",1,256,0.1,0.0168083053994924,0.0293406857884939,0.151055747497866,0.0429261835299531
"454",1,256,0.1,0.0168083053994924,0.0620144464089443,0.0617667133636025,0.00641704371274474
"455",1,256,0.1,0.0168083053994924,0.0234056148707622,0.274088413009739,-0.00746577297248145
"456",1,256,0.1,0.0168083053994924,0.0671345083345986,0.0815711177696711,0.0222115126265578
"457",1,256,0.1,0.0168083053994924,0.0298496580009536,0.00215776612773174,0.00812293701395887
"458",1,256,0.1,0.0168083053994924,0.0890389809524077,0.0419401406927375,-0.00687843582141593
"459",1,256,0.1,0.0168083053994924,0.0271796970684559,0.0208914117682398,0.00663748758167479
"460",1,256,0.1,0.0168083053994924,0.0736079112652782,0.00235156285093892,0.00888211619444874
"461",1,256,0.1,0.0168083053994924,0.126573241939382,0.0379428256273611,0.0241448667994112
"462",1,256,0.1,0.0168083053994924,0.0655358106171806,0.111550602517432,-0.0025181190403336
"463",1,256,0.1,0.0168083053994924,0.0477791137002814,0.0149394297838745,0.00566607561980608
"464",1,256,0.1,0.0168083053994924,0.111698799979789,0.216230984458099,0.0701422775615262
"465",1,256,0.1,0.0168083053994924,0.0433777099720339,0.0362841551837507,0.0179869996557479
"466",1,256,0.1,0.0168083053994924,0.0556765533920581,0.0437613785305478,0.0111364620750401
"467",1,256,0.1,0.0168083053994924,0.0469285278665827,0.402488979728384,0.0232791169987803
"468",1,256,0.1,0.0168083053994924,0.090411226857404,0.079493072512768,0.0174559361058836
"469",1,256,0.1,0.0168083053994924,0.100356076801322,0.217667319145259,0.0709453210848031
"470",1,256,0.1,0.0168083053994924,0.110749771546222,0.0449491526798067,0.0117661635132408
"471",1,256,0.1,0.0168083053994924,0.0122868742567178,0.00219399055105536,-0.0266815234326588
"472",1,256,0.1,0.0168083053994924,0.0266494642972828,0.275424359961811,0.00546802536469242
"473",1,256,0.1,0.0168083053994924,0.0209853111940311,0.0595712228782262,-0.0146634057115383
"474",1,256,0.1,0.0168083053994924,0.103404353986284,0.00922943628262356,0.0263803453837791
"475",1,256,0.1,0.0168083053994924,0.0642158113456168,0.0859130246731175,0.049717103332785
"476",1,256,0.1,0.0168083053994924,0.0808671371110248,0.10918805966151,0.0319807780240063
"477",1,256,0.1,0.0168083053994924,0.0776311963828726,0.0233423540437237,0.00103848282004899
"478",1,256,0.1,0.0168083053994924,0.0205137436565374,0.0236757278013975,0.00331566407426267
"479",1,256,0.1,0.0168083053994924,0.132242735264757,0.0585594789589497,0.0165574235174636
"480",1,256,0.1,0.0168083053994924,0.0495581965490522,0.277258987342174,0.00776140276061606
"481",1,256,0.1,0.0168083053994924,0.105397775949738,0.00226809212933633,-0.0415681198407749
"482",1,256,0.1,0.0168083053994924,0.0770716396873299,0.116315247792366,0.0311971086252576
"483",1,256,0.1,0.0168083053994924,0.0629185454766237,0.0461748281310222,0.0198790818492317
"484",1,256,0.1,0.0168083053994924,0.0190143761043982,0.0102515459660573,0.0109283144026366
"485",1,256,0.1,0.0168083053994924,0.0502056563811798,0.112278341053347,0.0424977046261944
"486",1,256,0.1,0.0168083053994924,0.0201745354168683,0.281394423959695,0.0255412703302416
"487",1,256,0.1,0.0168083053994924,0.0791482278908842,0.0665990202904021,0.0643535671746372
"488",1,256,0.1,0.0168083053994924,0.0608225992237764,0.0857652234673931,0.0435990464487596
"489",1,256,0.1,0.0168083053994924,0.121122900711411,0.0193123464833937,0.00958807428935545
"490",1,256,0.1,0.0168083053994924,0.0998412855146028,0.283383382931017,0.0536611315326498
"491",1,256,0.1,0.0168083053994924,0.0280690393311946,0.0121489483466927,0.00370474403059478
"492",1,256,0.1,0.0168083053994924,0.0122467753869341,0.00811232959403904,-0.0120690946713393
"493",1,256,0.1,0.0168083053994924,0.0262091257171468,0.00209783026080432,0.0102976670500311
"494",1,256,0.1,0.0168083053994924,0.0786386650150288,0.207024596500245,0.0364577997078825
"495",1,256,0.1,0.0168083053994924,0.0490918071003663,0.0321994100263311,-0.0232727976017183
"496",1,256,0.1,0.0168083053994924,0.178169044054318,0.170222769597095,0.0991800511542939
"497",1,256,0.1,0.0168083053994924,0.0697847675456409,0.300034767438178,0.0506968597030146
"498",1,256,0.1,0.0168083053994924,0.0319635309993448,0.147114086924389,-0.0246889037014413
"499",1,256,0.1,0.0168083053994924,0.129382514469937,0.0577000722669985,-0.00406902553889957
"500",1,256,0.1,0.0168083053994924,0.0848305668733256,0.161239176237121,0.0528325218947324
